omega,delta_0,T,min_cost
0.9552470198833406,-3,3873,-24.153333333333332
