omega,delta_0,T,min_cost
0.9552470198833406,-3,3873,-17.663666666666668
