{"0": [-11.054031254683505, 1.5179983003899364], "1": [-5.31567231299178, -10.900705942155334], "2": [-28.11439650810227, -18.25057639556227], "3": [-25.897638890162753, 26.596614461458273], "4": [16.23561677194422, -9.46686671170183], "5": [36.13059136772642, 0.7454571304887058], "6": [2.181930120924325, 25.934559524527682], "7": [-22.622729080342236, -22.053850327572935], "8": [-8.16145771858497, -4.88685020782476], "9": [14.851926875119535, -3.1406974136575987], "10": [43.25550192902047, -1.3907195752251391], "11": [-4.6875508182829355, 22.61714391155614]}